City_ID,City,Country,Date,Lat,Lng,Max Temp,Humidity,Cloudiness,Wind Speed
0,Santa Rosa,PH,2022-05-13 21:52:02,14.3122,121.1114,84.18,84,61,2.28
1,Atar,MR,2022-05-13 21:49:36,20.5169,-13.0499,94.42,11,61,8.81
2,Namie,JP,2022-05-13 21:52:03,37.4833,141.0,69.71,97,100,3.2
3,Tabas,IR,2022-05-13 21:49:13,33.5959,56.9244,75.42,31,32,9.22
4,Codrington,AU,2022-05-13 21:52:04,-38.2667,141.9667,62.42,69,100,18.99
5,Ushuaia,AR,2022-05-13 21:52:04,-54.8,-68.3,44.26,87,75,8.05
6,Arraial Do Cabo,BR,2022-05-13 21:52:05,-22.9661,-42.0278,73.36,73,40,5.75
7,Kapaa,US,2022-05-13 21:52:05,22.0752,-159.319,80.92,78,0,13.8
8,Esperance,AU,2022-05-13 21:52:06,-33.8667,121.9,55.99,64,68,19.62
9,Olafsvik,IS,2022-05-13 21:52:06,64.8945,-23.7142,34.52,67,70,17.11
10,Orange Walk,BZ,2022-05-13 21:52:07,17.8333,-88.8333,93.24,35,5,8.57
11,Sanary-Sur-Mer,FR,2022-05-13 21:52:08,43.1178,5.8001,64.87,88,13,5.01
12,Mataura,NZ,2022-05-13 21:52:08,-46.1927,168.8643,52.48,95,84,1.66
13,Barrow,US,2022-05-13 21:52:09,71.2906,-156.7887,19.42,79,100,13.8
14,Carnarvon,AU,2022-05-13 21:52:09,-24.8667,113.6333,63.81,62,0,18.75
15,Puerto Madryn,AR,2022-05-13 21:47:19,-42.7692,-65.0385,54.36,36,7,18.43
16,Port Hardy,CA,2022-05-13 21:52:10,50.6996,-127.4199,50.18,66,75,3.44
17,Tuatapere,NZ,2022-05-13 21:52:11,-46.1333,167.6833,54.72,92,92,2.86
18,Tarm,DK,2022-05-13 21:52:11,55.9086,8.5304,53.8,83,58,5.01
19,Maldonado,UY,2022-05-13 21:52:12,-34.6667,-54.9167,58.39,73,100,4.99
20,Huarmey,PE,2022-05-13 21:52:12,-10.0681,-78.1522,67.71,79,46,9.91
21,Castro Alves,BR,2022-05-13 21:52:13,-12.7656,-39.4283,71.2,88,83,5.97
22,New Norfolk,AU,2022-05-13 21:52:13,-42.7826,147.0587,52.92,88,100,2.33
23,Hobart,AU,2022-05-13 21:52:14,-42.8794,147.3294,53.28,92,75,3.44
24,Bethel,US,2022-05-13 21:52:15,41.3712,-73.414,79.65,74,75,8.05
25,Ekhabi,RU,2022-05-13 21:52:15,53.5102,142.9671,33.51,97,100,12.48
26,Corinto,GR,2022-05-13 21:52:16,37.9407,22.9573,64.42,58,67,2.98
27,Albany,US,2022-05-13 21:49:03,42.6001,-73.9662,83.91,52,29,5.01
28,Chuy,UY,2022-05-13 21:52:17,-33.6971,-53.4616,56.75,76,97,6.29
29,Sao Gabriel Da Cachoeira,BR,2022-05-13 21:52:17,-0.1303,-67.0892,78.51,96,84,1.95
30,Puerto Ayora,EC,2022-05-13 21:52:18,-0.7393,-90.3518,84.16,89,95,5.01
31,Hermanus,ZA,2022-05-13 21:52:19,-34.4187,19.2345,56.8,74,59,8.05
32,Zaragoza,ES,2022-05-13 21:52:20,41.6561,-0.8773,74.86,41,0,8.05
33,San Cristobal,VE,2022-05-13 21:52:20,7.7669,-72.225,77.18,72,91,5.23
34,Abu Samrah,SY,2022-05-13 21:52:21,35.3029,37.1841,69.75,40,74,0.58
35,Cazones,MX,2022-05-13 21:52:22,20.7167,-97.3167,86.09,56,9,15.46
36,Rikitea,PF,2022-05-13 21:52:22,-23.1203,-134.9692,77.54,73,66,20.15
37,Quatre Cocos,MU,2022-05-13 21:52:23,-20.2078,57.7625,71.71,72,60,12.95
38,Dikson,RU,2022-05-13 21:52:23,73.5069,80.5464,33.01,98,100,15.61
39,Hamilton,US,2022-05-13 21:47:47,39.1834,-84.5333,84.99,47,20,8.05
40,Cape Town,ZA,2022-05-13 21:52:18,-33.9258,18.4232,55.9,89,20,6.91
41,Narsaq,GL,2022-05-13 21:52:24,60.9167,-46.05,32.54,77,83,6.85
42,Port Blair,IN,2022-05-13 21:52:25,11.6667,92.75,82.15,84,63,9.01
43,Alanya,TR,2022-05-13 21:52:26,36.5438,31.9998,67.77,64,25,2.77
44,Saint-Philippe,RE,2022-05-13 21:52:26,-21.3585,55.7679,69.39,70,1,6.98
45,Pontivy,FR,2022-05-13 21:52:27,48.0,-3.0,54.91,95,65,7.2
46,Vila Franca Do Campo,PT,2022-05-13 21:52:27,37.7167,-25.4333,64.2,89,100,7.85
47,Ambilobe,MG,2022-05-13 21:52:28,-13.2,49.05,69.85,89,0,3.69
48,Pemangkat,ID,2022-05-13 21:52:29,1.1667,108.9667,78.6,80,100,2.26
49,Mount Pleasant,US,2022-05-13 21:52:29,32.7941,-79.8626,75.99,82,75,9.22
50,Vaini,TO,2022-05-13 21:48:59,-21.2,-175.2,75.36,64,20,13.8
51,Xuchang,CN,2022-05-13 21:52:30,34.0167,113.8167,60.19,35,100,5.01
52,Jamestown,US,2022-05-13 21:50:52,42.097,-79.2353,76.64,50,40,9.22
53,Lata,PT,2022-05-13 21:52:31,40.1629,-8.3327,65.44,52,100,2.59
54,Busselton,AU,2022-05-13 21:52:32,-33.65,115.3333,61.84,70,72,17.43
55,Zhangye,CN,2022-05-13 21:52:33,38.9342,100.4517,42.76,75,61,0.85
56,Olenegorsk,RU,2022-05-13 21:52:33,68.15,33.3,35.46,91,11,1.74
57,Grindavik,IS,2022-05-13 21:47:36,63.8424,-22.4338,40.95,60,75,10.36
58,Berlevag,NO,2022-05-13 21:52:34,70.8578,29.0864,35.55,75,75,12.66
59,Lorengau,PG,2022-05-13 21:52:35,-2.0226,147.2712,83.53,68,47,7.43
60,Talnakh,RU,2022-05-13 21:52:36,69.4865,88.3972,38.21,99,100,6.33
61,Tiksi,RU,2022-05-13 21:52:36,71.6872,128.8694,16.52,87,19,10.11
62,Aksha,RU,2022-05-13 21:47:37,50.2814,113.2867,40.17,65,23,3.02
63,Saldanha,ZA,2022-05-13 21:51:55,-33.0117,17.9442,51.85,64,90,4.38
64,Balabac,PH,2022-05-13 21:52:37,7.9868,117.0645,81.07,78,65,3.49
65,Yellowknife,CA,2022-05-13 21:49:08,62.456,-114.3525,59.56,33,75,11.5
66,Three Hills,CA,2022-05-13 21:52:38,51.7001,-113.2686,50.07,53,100,14.97
67,Sorland,NO,2022-05-13 21:52:39,67.667,12.6934,44.46,89,100,24.58
68,Acireale,IT,2022-05-13 21:52:39,37.6125,15.1663,65.05,72,0,4.61
69,Qaanaaq,GL,2022-05-13 21:52:40,77.484,-69.3632,17.2,78,50,2.46
70,Cornwall,CA,2022-05-13 21:48:21,45.0181,-74.7281,84.58,42,0,11.5
71,Salalah,OM,2022-05-13 21:52:41,17.0151,54.0924,84.65,32,3,4.41
72,Buin,CL,2022-05-13 21:52:41,-33.7333,-70.75,71.87,45,0,2.3
73,Orlik,RU,2022-05-13 21:52:42,52.5178,99.825,36.66,42,13,1.36
74,Mackay,AU,2022-05-13 21:52:43,-21.15,149.2,73.69,86,7,5.46
75,Grand Gaube,MU,2022-05-13 21:52:43,-20.0064,57.6608,72.0,76,47,3.0
76,Kaitangata,NZ,2022-05-13 21:47:47,-46.2817,169.8464,52.11,90,93,5.7
77,Hilo,US,2022-05-13 21:47:54,19.7297,-155.09,85.28,75,100,13.8
78,Avera,US,2022-05-13 21:52:45,33.194,-82.5271,73.45,62,85,8.86
79,Matucana,PE,2022-05-13 21:52:45,-11.85,-76.4,62.58,71,56,5.01
80,Nikolskoye,RU,2022-05-13 21:52:46,59.7035,30.7861,48.09,79,78,9.17
81,Lazaro Cardenas,MX,2022-05-13 21:48:26,17.9583,-102.2,87.55,56,100,13.78
82,Copiapo,CL,2022-05-13 21:48:54,-27.3667,-70.3333,58.69,47,0,4.68
83,Nanortalik,GL,2022-05-13 21:50:24,60.1432,-45.2371,30.96,77,99,5.01
84,Miaoli,TW,2022-05-13 21:52:47,24.5643,120.8237,74.95,96,100,9.1
85,Batagay,RU,2022-05-13 21:52:48,67.6333,134.6333,23.67,60,100,8.81
86,Lensk,RU,2022-05-13 21:52:48,60.7253,114.9278,35.82,81,100,4.81
87,Shahrud,IR,2022-05-13 21:52:49,36.4182,54.9763,49.48,68,93,12.26
88,Axim,GH,2022-05-13 21:52:50,4.8699,-2.2405,81.25,85,99,10.29
89,Severo-Kurilsk,RU,2022-05-13 21:52:50,50.6789,156.125,39.25,95,100,17.05
90,Kodinsk,RU,2022-05-13 21:52:51,58.6881,99.1844,47.73,54,91,0.43
91,Atuona,PF,2022-05-13 21:52:52,-9.8,-139.0333,78.26,70,50,17.98
92,Biak,ID,2022-05-13 21:52:52,-0.9131,122.8766,75.88,86,100,1.54
93,Port Lincoln,AU,2022-05-13 21:52:53,-34.7333,135.8667,62.65,73,41,18.92
94,Punta Arenas,CL,2022-05-13 21:52:53,-53.15,-70.9167,44.71,70,75,8.05
95,Mount Isa,AU,2022-05-13 21:52:54,-20.7333,139.5,51.57,100,0,0.0
96,East London,ZA,2022-05-13 21:52:55,-33.0153,27.9116,61.97,79,52,8.93
97,Faanui,PF,2022-05-13 21:49:04,-16.4833,-151.75,81.36,72,5,17.22
98,Siderno,IT,2022-05-13 21:52:56,38.2779,16.302,65.34,74,1,13.31
99,Namibe,AO,2022-05-13 21:52:57,-15.1961,12.1522,72.5,76,1,3.0
100,Port Elizabeth,ZA,2022-05-13 21:52:58,-33.918,25.5701,61.32,79,0,13.8
101,Rundu,NA,2022-05-13 21:52:58,-17.9333,19.7667,60.33,38,0,4.97
102,Ixtapa,MX,2022-05-13 21:52:59,20.7,-105.2,90.72,40,100,7.96
103,Kruisfontein,ZA,2022-05-13 21:53:00,-34.0033,24.7314,58.89,81,40,9.48
104,Bluff,NZ,2022-05-13 21:53:00,-46.6,168.3333,52.81,89,88,7.34
105,Uzhur,RU,2022-05-13 21:53:01,55.3036,89.8339,50.59,35,0,5.44
106,Shahdadkot,PK,2022-05-13 21:53:02,27.8477,67.9055,97.14,4,6,4.07
107,Grimshaw,CA,2022-05-13 21:52:25,56.1834,-117.6027,64.02,29,40,4.61
108,Cidreira,BR,2022-05-13 21:53:03,-30.1811,-50.2056,62.69,72,67,8.25
109,Nhulunbuy,AU,2022-05-13 21:53:03,-12.2333,136.7667,74.01,94,19,0.0
110,Nome,US,2022-05-13 21:50:37,64.5011,-165.4064,37.17,48,0,5.75
111,Riyadh,SA,2022-05-13 21:50:17,24.6877,46.7219,78.94,17,0,11.03
112,Dwarka,IN,2022-05-13 21:53:05,22.2394,68.9678,83.16,81,38,16.31
113,Castro,BR,2022-05-13 21:53:06,-24.7911,-50.0119,57.07,87,0,2.93
114,Calvinia,ZA,2022-05-13 21:53:06,-31.4707,19.776,44.2,75,52,2.17
115,Danielskuil,ZA,2022-05-13 21:53:07,-28.1887,23.5395,53.37,31,94,5.41
116,Khandbari,NP,2022-05-13 21:53:08,27.3747,87.2039,68.97,90,67,2.37
117,Emerald,AU,2022-05-13 21:50:50,-23.5333,148.1667,69.93,83,68,6.98
118,Kodiak,US,2022-05-13 21:53:08,57.79,-152.4072,45.27,51,8,21.54
119,Iquique,CL,2022-05-13 21:49:17,-20.2208,-70.1431,64.44,76,21,6.71
120,Avarua,CK,2022-05-13 21:50:21,-21.2078,-159.775,82.45,83,100,11.5
121,Horodyshche,UA,2022-05-13 21:53:09,49.2849,31.4451,55.31,79,99,4.68
122,Saint George,US,2022-05-13 21:53:10,37.1041,-113.5841,86.79,10,0,5.99
123,Mangai,CD,2022-05-13 21:53:11,-4.05,19.5333,72.91,84,36,1.7
124,Novita,CO,2022-05-13 21:53:11,4.9551,-76.6053,80.38,85,99,2.75
125,Luderitz,NA,2022-05-13 21:53:12,-26.6481,15.1594,56.7,62,97,11.68
126,Portland,US,2022-05-13 21:51:43,45.5234,-122.6762,60.28,62,100,5.75
127,Naifaru,MV,2022-05-13 21:53:12,5.4444,73.3657,82.85,79,100,22.28
128,Rovaniemi,FI,2022-05-13 21:53:13,66.5,25.7167,44.01,81,0,3.44
129,Coahuayana,MX,2022-05-13 21:53:14,18.7333,-103.6833,91.44,41,100,8.77
130,Yulara,AU,2022-05-13 21:53:14,-25.2406,130.9889,63.25,55,96,5.48
131,Binabalian,PH,2022-05-13 21:53:15,16.4202,119.9279,83.23,76,77,7.99
132,Dmanisi,GE,2022-05-13 21:53:15,41.5251,44.3472,43.86,81,0,3.71
133,Upernavik,GL,2022-05-13 21:53:16,72.7868,-56.1549,17.4,81,24,1.63
134,Vicuna,CL,2022-05-13 21:53:17,-30.0319,-70.7081,68.77,54,0,3.18
135,Butaritari,KI,2022-05-13 21:53:17,3.0707,172.7902,80.83,74,96,7.92
136,Ostrovnoy,RU,2022-05-13 21:53:18,68.0531,39.5131,39.25,92,100,6.62
137,Port Alfred,ZA,2022-05-13 21:53:18,-33.5906,26.891,58.17,89,68,4.0
138,Vestmanna,FO,2022-05-13 21:53:19,62.1564,-7.1664,36.52,81,40,4.61
139,Mhango,TZ,2022-05-13 21:53:20,-3.2833,32.85,66.78,79,73,2.35
140,Beloha,MG,2022-05-13 21:53:20,-25.1667,45.05,64.78,89,0,9.51
141,Pimentel,PE,2022-05-13 21:53:21,-6.8367,-79.9342,68.29,73,0,23.02
142,Bredasdorp,ZA,2022-05-13 21:48:52,-34.5322,20.0403,54.82,76,62,6.82
143,Santa Cruz,BO,2022-05-13 21:53:22,-17.8,-63.1667,83.66,54,20,23.02
144,Pacific Grove,US,2022-05-13 21:53:22,36.6177,-121.9166,75.45,73,0,11.01
145,Katsuura,JP,2022-05-13 21:53:23,35.1333,140.3,68.02,96,100,24.32
146,Naze,JP,2022-05-13 21:53:23,28.3667,129.4833,68.92,90,100,10.22
147,Caconda,AO,2022-05-13 21:53:24,-13.7333,15.0667,59.4,56,13,2.13
148,Bengkulu,ID,2022-05-13 21:53:25,-3.8004,102.2655,77.11,89,44,4.05
149,Porirua,NZ,2022-05-13 21:52:29,-41.1333,174.85,61.56,74,97,15.1
150,Pisco,PE,2022-05-13 21:53:26,-13.7,-76.2167,68.05,73,9,18.41
151,Pochutla,MX,2022-05-13 21:53:26,15.7432,-96.4661,91.81,47,69,8.41
152,Iaciara,BR,2022-05-13 21:53:27,-14.0958,-46.6317,77.59,36,95,1.68
153,Elizabeth City,US,2022-05-13 21:50:57,36.2946,-76.2511,78.01,78,0,12.66
154,Marion,US,2022-05-13 21:51:48,39.7684,-86.1555,86.41,42,40,9.22
155,Tessalit,ML,2022-05-13 21:53:28,20.1986,1.0114,86.29,8,4,13.0
156,Kralendijk,BQ,2022-05-13 21:50:39,12.15,-68.2667,84.18,74,40,20.71
157,Laguna,US,2022-05-13 21:53:29,38.421,-121.4238,83.14,33,0,4.0
158,Ayorou,NE,2022-05-13 21:53:29,14.7308,0.9174,96.73,15,6,8.77
159,Yagodnoye,RU,2022-05-13 21:53:30,62.55,149.6667,34.41,82,100,3.56
160,Rio Grande,BR,2022-05-13 21:53:31,-32.035,-52.0986,59.95,76,60,8.32
161,Along,IN,2022-05-13 21:53:31,28.1667,94.7667,70.21,99,100,1.03
162,Bambous Virieux,MU,2022-05-13 21:53:32,-20.3428,57.7575,71.85,73,20,4.61
163,Conakry,GN,2022-05-13 21:53:32,9.538,-13.6773,84.27,79,20,9.22
164,Maceio,BR,2022-05-13 21:49:55,-9.6658,-35.7353,78.24,88,75,2.3
165,Sao Filipe,CV,2022-05-13 21:53:33,14.8961,-24.4956,74.64,72,6,10.2
166,Pontal Do Parana,BR,2022-05-13 21:53:34,-25.6533,-48.5128,64.35,82,10,2.13
167,Qui Nhon,VN,2022-05-13 21:53:01,13.7667,109.2333,80.13,83,98,3.33
168,Acapulco,MX,2022-05-13 21:49:57,16.8634,-99.8901,88.14,59,100,11.54
169,Mortka,RU,2022-05-13 21:53:35,59.3322,66.0214,48.83,89,100,5.7
170,Bakchar,RU,2022-05-13 21:53:35,57.0186,82.0711,51.98,46,13,5.44
171,Andrews,US,2022-05-13 21:53:36,32.3187,-102.5457,97.29,3,0,5.75
172,Port-Gentil,GA,2022-05-13 21:51:58,-0.7193,8.7815,80.56,89,40,9.22
173,Ontario,US,2022-05-13 21:51:53,34.0633,-117.6509,96.57,15,0,9.22
174,Gamba,GA,2022-05-13 21:53:08,-2.65,10.0,77.18,94,100,5.1
175,Aktyubinskiy,RU,2022-05-13 21:53:37,54.8137,52.8056,42.84,93,100,11.23
176,Tasiilaq,GL,2022-05-13 21:53:38,65.6145,-37.6368,21.24,69,34,1.3
177,Sitka,US,2022-05-13 21:53:38,57.0531,-135.33,46.42,80,85,6.4
178,Lagoa,PT,2022-05-13 21:53:39,39.05,-27.9833,59.5,78,100,1.86
179,Georgetown,MY,2022-05-13 21:52:28,5.4112,100.3354,82.33,93,20,3.44
180,Tuktoyaktuk,CA,2022-05-13 21:53:40,69.4541,-133.0374,32.0,93,100,19.57
181,Hambantota,LK,2022-05-13 21:53:40,6.1241,81.1185,77.34,100,100,5.75
182,Maria Aurora,PH,2022-05-13 21:53:41,15.7967,121.4737,76.51,96,45,2.08
183,Alyangula,AU,2022-05-13 21:53:41,-13.8483,136.4192,76.51,71,1,8.01
184,Aleksandrovsk-Sakhalinskiy,RU,2022-05-13 21:53:42,50.8975,142.1561,46.17,72,100,2.66
185,Flinders,AU,2022-05-13 21:53:42,-34.5833,150.8552,65.37,94,14,4.0
186,Hithadhoo,MV,2022-05-13 21:53:43,-0.6,73.0833,82.44,72,100,6.46
187,Clyde River,CA,2022-05-13 21:53:44,70.4692,-68.5914,23.23,80,20,21.85
188,Mtsamboro,YT,2022-05-13 21:53:44,-12.6998,45.0689,79.92,70,0,7.25
189,Iqaluit,CA,2022-05-13 21:51:40,63.7506,-68.5145,26.33,68,20,17.27
190,Saint-Pierre,RE,2022-05-13 21:53:20,-21.3393,55.4781,69.91,56,0,8.05
191,Cabo San Lucas,MX,2022-05-13 21:50:35,22.8909,-109.9124,86.61,62,66,3.38
192,Siyabuswa,ZA,2022-05-13 21:53:46,-25.1132,29.0445,64.26,45,10,1.28
193,Lakes Entrance,AU,2022-05-13 21:53:46,-37.8811,147.981,58.15,90,100,4.85
194,Praya,CV,2022-05-13 21:53:47,14.9215,-23.5087,79.34,38,0,26.46
195,Kashi,CN,2022-05-13 21:53:48,39.4547,75.9797,58.21,82,40,4.47
196,Gold Coast,AU,2022-05-13 21:53:49,-28.0,153.4333,69.24,96,75,9.22
197,Ban Dung,TH,2022-05-13 21:53:49,17.699,103.2596,77.11,99,98,4.0
198,Andenes,NO,2022-05-13 21:53:50,69.3143,16.1194,40.98,93,75,8.05
199,Cockburn Town,TC,2022-05-13 21:51:10,21.4612,-71.1419,79.05,85,100,23.4
200,Gat,IL,2022-05-13 21:53:51,31.61,34.7642,81.39,39,1,6.87
201,Shangqiu,CN,2022-05-13 21:53:52,34.45,115.65,56.95,39,100,2.13
202,Araouane,ML,2022-05-13 21:53:52,18.9048,-3.5265,88.11,10,20,14.74
203,Nemuro,JP,2022-05-13 21:50:42,43.3236,145.575,45.97,99,100,24.65
204,Victoria,HK,2022-05-13 21:51:50,22.2855,114.1577,77.95,96,93,4.0
205,Senekal,ZA,2022-05-13 21:53:53,-28.3197,27.6208,56.19,47,76,3.67
206,Dera Ghazi Khan,PK,2022-05-13 21:53:54,30.0561,70.6348,92.8,5,0,4.61
207,Nichinan,JP,2022-05-13 21:53:54,31.6,131.3667,69.48,93,100,4.92
208,Chokurdakh,RU,2022-05-13 21:53:55,70.6333,147.9167,16.66,88,100,6.33
209,Tura,IN,2022-05-13 21:53:56,25.5198,90.2201,70.79,99,40,4.74
210,Dunedin,NZ,2022-05-13 21:52:22,-45.8742,170.5036,52.81,86,100,6.04
211,Forbes,AU,2022-05-13 21:53:57,-33.3833,148.0167,64.92,95,100,4.52
212,Boda,CF,2022-05-13 21:53:58,4.3189,17.4695,72.93,85,77,2.51
213,Vieux Fort,LC,2022-05-13 21:53:58,13.7167,-60.95,83.55,65,40,23.02
214,Nueva Granada,CO,2022-05-13 21:53:59,9.8017,-74.393,81.99,82,100,6.8
215,Airai,TL,2022-05-13 21:53:59,-8.9266,125.4092,59.59,94,84,1.72
216,Impfondo,CG,2022-05-13 21:54:00,1.6381,18.0667,74.05,86,58,1.66
217,Touros,BR,2022-05-13 21:54:00,-5.1989,-35.4608,79.03,83,85,9.93
218,Odienne,CI,2022-05-13 21:54:01,9.51,-7.5692,81.18,53,95,9.24
219,Labuhan,ID,2022-05-13 21:54:02,-6.8844,112.2051,78.46,89,100,7.38
220,Lyuban,BY,2022-05-13 21:54:02,52.7985,28.0048,49.32,81,100,3.8
221,Khatanga,RU,2022-05-13 21:54:03,71.9667,102.5,22.84,88,100,7.45
222,Algodones,MX,2022-05-13 21:54:04,20.3888,-105.4773,81.45,52,98,6.96
223,Mahebourg,MU,2022-05-13 21:53:21,-20.4081,57.7,71.89,73,20,4.61
224,Turbat,PK,2022-05-13 21:54:05,26.0023,63.044,86.27,27,0,5.91
225,Leningradskiy,RU,2022-05-13 21:54:06,69.3833,178.4167,34.16,82,24,5.3
226,Road Town,VG,2022-05-13 21:52:17,18.4167,-64.6167,82.49,69,40,11.5
227,Hasaki,JP,2022-05-13 21:54:07,35.7333,140.8333,68.4,90,100,29.08
228,Beringovskiy,RU,2022-05-13 21:54:07,63.05,179.3167,36.12,87,100,3.58
229,Kudahuvadhoo,MV,2022-05-13 21:54:08,2.6708,72.8944,80.83,78,100,18.66
230,Klaksvik,FO,2022-05-13 21:54:09,62.2266,-6.589,38.32,71,98,13.24
231,Opelika,US,2022-05-13 21:51:09,32.6454,-85.3783,79.81,64,75,9.22
232,Mar Del Plata,AR,2022-05-13 21:54:11,-38.0023,-57.5575,57.87,83,100,5.75
233,Kurilsk,RU,2022-05-13 21:54:12,45.2333,147.8833,46.74,95,100,15.5
234,Poum,NC,2022-05-13 21:54:12,-20.2333,164.0167,76.68,75,99,28.34
235,Vrangel,RU,2022-05-13 21:54:13,42.7297,133.0839,45.77,97,100,1.99
236,Shakawe,BW,2022-05-13 21:54:14,-18.3667,21.85,60.87,38,0,0.27
237,Talcahuano,CL,2022-05-13 21:54:14,-36.7167,-73.1167,58.68,63,0,12.66
238,Birjand,IR,2022-05-13 21:54:15,32.8663,59.2211,59.47,47,0,13.8
239,Vestmannaeyjar,IS,2022-05-13 21:54:16,63.4427,-20.2734,42.66,55,100,2.73
240,Chauk,MM,2022-05-13 21:54:16,20.8833,94.8167,81.63,72,20,14.12
241,Plotnikovo,RU,2022-05-13 21:54:17,55.0247,85.9436,53.94,50,43,4.38
242,Kayes,ML,2022-05-13 21:54:18,14.0,-11.0,95.27,17,96,5.28
243,Eureka,US,2022-05-13 21:54:19,40.8021,-124.1637,66.18,82,100,8.99
244,Hobyo,SO,2022-05-13 21:52:00,5.3505,48.5268,81.59,81,100,25.84
245,Loa Janan,ID,2022-05-13 21:54:20,-0.583,117.095,73.6,97,94,2.15
246,Iquitos,PE,2022-05-13 21:54:20,-3.7481,-73.2472,82.44,78,75,4.61
247,Peniche,PT,2022-05-13 21:54:21,39.3558,-9.3811,69.3,65,100,9.26
248,Zalantun,CN,2022-05-13 21:54:22,48.0,122.7167,41.45,54,13,6.35
249,Geraldton,AU,2022-05-13 21:54:23,-28.7667,114.6,61.21,77,100,8.05
250,La Ronge,CA,2022-05-13 21:54:23,55.1001,-105.2842,46.65,49,100,13.8
251,Belturbet,IE,2022-05-13 21:54:24,54.1,-7.45,46.63,96,98,4.34
252,Norman Wells,CA,2022-05-13 21:54:25,65.282,-126.8329,62.64,22,75,4.61
253,Saskylakh,RU,2022-05-13 21:54:26,71.9167,114.0833,7.0,98,86,3.18
254,Los Andes,CL,2022-05-13 21:54:27,-32.8337,-70.5983,63.01,47,0,3.29
255,Porto Murtinho,BR,2022-05-13 21:54:27,-21.6989,-57.8825,82.58,44,34,4.23
256,Conde,BR,2022-05-13 21:54:04,-7.2597,-34.9075,78.26,94,75,3.44
257,Boulsa,BF,2022-05-13 21:54:28,12.6675,-0.5758,96.39,25,27,3.89
258,Keskin,TR,2022-05-13 21:54:29,39.6731,33.6136,53.35,47,0,2.68
259,Plettenberg Bay,ZA,2022-05-13 21:54:30,-34.0527,23.3716,57.47,81,88,7.76
260,Goderich,CA,2022-05-13 21:54:32,43.7501,-81.7165,75.52,57,5,6.91
261,Ballina,AU,2022-05-13 21:54:33,-28.8667,153.5667,67.78,85,100,14.54
262,Petropavlovsk-Kamchatskiy,RU,2022-05-13 21:54:33,53.0452,158.6483,39.79,100,100,13.42
263,Caravelas,BR,2022-05-13 21:51:44,-17.7125,-39.2481,75.43,79,10,6.87
264,Cherskiy,RU,2022-05-13 21:54:34,68.75,161.3,39.06,74,25,16.55
265,Ust-Nera,RU,2022-05-13 21:54:35,64.5667,143.2,34.79,91,100,3.69
266,Belaya Gora,RU,2022-05-13 21:54:36,68.5333,146.4167,23.54,68,91,16.28
267,Papayal,PE,2022-05-13 21:54:36,-4.0761,-80.7361,78.48,65,94,3.44
268,Coquimbo,CL,2022-05-13 21:51:38,-29.9533,-71.3436,58.73,82,40,8.05
269,Moindou,NC,2022-05-13 21:54:37,-21.6924,165.677,73.33,65,100,8.43
270,Daru,PG,2022-05-13 21:53:10,-9.0763,143.2092,81.14,78,41,6.04
271,Fougeres,FR,2022-05-13 21:54:38,48.35,-1.2,57.06,89,67,6.82
272,Karpathos,GR,2022-05-13 21:54:38,35.507,27.2132,62.56,94,0,6.91
273,San Quintin,MX,2022-05-13 21:54:39,30.4833,-115.95,70.74,52,43,12.75
274,Tamuin,MX,2022-05-13 21:54:40,21.9833,-98.75,103.06,20,8,8.99
275,Saint-Louis,SN,2022-05-13 21:54:40,16.3333,-15.0,98.24,11,100,6.71
276,Lavrentiya,RU,2022-05-13 21:54:42,65.5833,-171.0,29.84,80,5,4.88
277,Moscow,RU,2022-05-13 21:50:50,55.7522,37.6156,50.63,62,11,11.92
278,Erenhot,CN,2022-05-13 21:54:43,43.6475,111.9767,45.54,37,8,7.36
279,Kaupanger,NO,2022-05-13 21:54:43,61.1845,7.2404,45.1,100,100,2.62
280,Tenkodogo,BF,2022-05-13 21:54:44,11.78,-0.3697,96.78,28,34,10.09
281,Churapcha,RU,2022-05-13 21:54:44,62.0025,132.4325,35.53,99,100,3.58
282,Balykshi,KZ,2022-05-13 21:54:45,47.0667,51.8667,60.8,88,40,17.9
283,Griffith,US,2022-05-13 21:54:46,41.5284,-87.4237,92.89,33,0,10.36
284,Bilma,NE,2022-05-13 21:54:46,18.6853,12.9164,85.06,16,3,16.51
285,Chesma,RU,2022-05-13 21:54:47,53.8111,60.6533,50.9,87,92,11.65
286,Lompoc,US,2022-05-13 21:53:16,34.6391,-120.4579,92.7,44,0,25.99
287,Bunbury,AU,2022-05-13 21:54:48,-33.3333,115.6333,61.2,69,75,18.07
288,Tabou,CI,2022-05-13 21:54:48,4.423,-7.3528,81.28,84,78,10.51
289,Viedma,AR,2022-05-13 21:54:49,-40.8135,-62.9967,50.67,54,5,8.79
290,Tres Picos,MX,2022-05-13 21:54:49,15.8667,-93.5333,90.84,52,15,6.96
291,Morondava,MG,2022-05-13 21:51:03,-20.2833,44.2833,72.93,68,0,9.62
292,Kavieng,PG,2022-05-13 21:54:50,-2.5744,150.7967,83.41,70,69,10.6
293,Calama,CL,2022-05-13 21:54:51,-22.4667,-68.9333,68.49,9,0,18.41
294,Denia,ES,2022-05-13 21:54:51,38.8408,0.1057,68.79,87,15,3.0
295,Ponta Do Sol,PT,2022-05-13 21:54:52,32.6667,-17.1,69.01,84,34,4.47
296,Poykovskiy,RU,2022-05-13 21:54:52,61.2333,73.3333,50.29,87,0,4.47
297,Gorontalo,ID,2022-05-13 21:54:53,0.5412,123.0595,75.81,94,100,1.61
298,Kirakira,SB,2022-05-13 21:54:54,-10.4544,161.9205,83.17,73,10,2.89
299,Roald,NO,2022-05-13 21:54:55,62.5833,6.1333,46.76,87,75,16.11
300,Aklavik,CA,2022-05-13 21:54:55,68.2191,-135.0107,30.2,80,100,18.41
301,Taltal,CL,2022-05-13 21:54:56,-25.4,-70.4833,61.86,75,23,4.85
302,Thurso,GB,2022-05-13 21:54:57,58.5927,-3.5259,46.65,86,99,10.63
303,Popondetta,PG,2022-05-13 21:54:57,-8.7537,148.2534,79.79,82,47,1.9
304,Marsa Matruh,EG,2022-05-13 21:54:58,31.3525,27.2453,66.4,82,40,8.05
305,Suntar,RU,2022-05-13 21:54:59,62.1444,117.6319,31.14,69,90,7.29
306,Banda Aceh,ID,2022-05-13 21:54:59,5.5577,95.3222,80.53,81,100,6.89
307,Trairi,BR,2022-05-13 21:54:24,-3.2778,-39.2689,78.51,85,100,9.4
308,Natal,BR,2022-05-13 21:52:49,-5.795,-35.2094,79.02,94,0,17.27
309,Lebu,CL,2022-05-13 21:55:01,-37.6167,-73.65,51.37,74,73,20.38
310,Mersin,TR,2022-05-13 21:55:01,36.862,34.6509,66.72,72,54,1.34
311,Hofn,IS,2022-05-13 21:55:02,64.2539,-15.2082,39.31,57,95,9.86
312,Viamao,BR,2022-05-13 21:55:03,-30.0811,-51.0233,65.16,71,0,6.91
313,Shimoda,JP,2022-05-13 21:55:03,34.6667,138.95,69.1,98,100,18.7
314,Hearst,CA,2022-05-13 21:55:04,49.6835,-83.6665,84.47,43,62,4.36
315,Srednekolymsk,RU,2022-05-13 21:55:04,67.45,153.6833,39.45,74,71,3.74
316,Ribeira Grande,PT,2022-05-13 21:55:05,38.5167,-28.7,60.89,72,99,4.59
317,Norrtalje,SE,2022-05-13 21:55:06,59.758,18.705,52.02,72,89,7.27
318,Tilichiki,RU,2022-05-13 21:55:06,60.4667,166.1,34.7,98,100,2.77
319,Bathsheba,BB,2022-05-13 21:55:07,13.2167,-59.5167,84.81,70,40,18.41
320,Formosa,AR,2022-05-13 21:51:09,-26.1775,-58.1781,71.58,73,0,3.44
321,Shambu,ET,2022-05-13 21:55:08,9.5667,37.1,57.87,40,49,1.36
322,Porosozero,RU,2022-05-13 21:55:08,62.7191,32.727,42.12,95,100,4.81
323,Te Anau,NZ,2022-05-13 21:54:26,-45.4167,167.7167,53.82,92,100,1.32
324,Souillac,MU,2022-05-13 21:55:09,-20.5167,57.5167,71.98,73,20,4.61
325,Kavaratti,IN,2022-05-13 21:55:10,10.5669,72.642,84.06,77,61,15.35
326,Gacko,BA,2022-05-13 21:55:10,43.1672,18.5353,56.25,91,93,4.74
327,Kita,ML,2022-05-13 21:55:11,13.0349,-9.4895,96.19,17,76,4.32
328,Muhos,FI,2022-05-13 21:55:12,64.808,25.9931,42.58,85,1,3.58
329,Nyurba,RU,2022-05-13 21:53:06,63.2842,118.3319,29.71,67,15,7.7
330,Cuiluan,CN,2022-05-13 21:55:13,47.72,128.648,41.9,71,99,2.19
331,Wonthaggi,AU,2022-05-13 21:55:13,-38.6044,145.5913,62.82,91,100,6.62
332,Ankazobe,MG,2022-05-13 21:55:14,-18.3167,47.1167,57.04,89,25,3.96
333,Paraopeba,BR,2022-05-13 21:55:14,-19.2757,-44.4033,71.56,55,99,5.61
334,Kintampo,GH,2022-05-13 21:55:15,8.0563,-1.7306,79.39,73,23,3.56
335,Gimbi,ET,2022-05-13 21:55:16,9.1667,35.8333,58.08,86,32,3.8
336,Henties Bay,NA,2022-05-13 21:55:17,-22.116,14.2845,56.97,83,0,6.38
337,Aswan,EG,2022-05-13 21:55:17,24.0934,32.907,96.1,12,0,5.75
338,Lillooet,CA,2022-05-13 21:55:18,50.6856,-121.942,55.67,39,100,5.91
339,Wuwei,CN,2022-05-13 21:55:19,37.9281,102.6414,41.56,80,99,3.83
340,Svetlyy,RU,2022-05-13 21:55:19,54.675,20.1347,47.97,86,20,10.54
341,Mangaratiba,BR,2022-05-13 21:55:20,-22.9597,-44.0406,72.46,81,88,2.48
342,Ketchikan,US,2022-05-13 21:55:21,55.3422,-131.6461,44.58,65,81,7.76
343,Tezu,IN,2022-05-13 21:55:22,27.9167,96.1667,70.86,98,100,1.74
344,Lixourion,GR,2022-05-13 21:55:23,38.2019,20.4314,64.54,80,88,2.3
345,Adrar,MR,2022-05-13 21:55:23,20.5022,-10.0711,90.97,10,66,7.81
346,Debica,PL,2022-05-13 21:55:24,50.0515,21.4114,56.37,96,62,6.8
347,Kendari,ID,2022-05-13 21:55:25,-3.945,122.4989,75.07,95,99,2.66
348,Belfast,GB,2022-05-13 21:54:12,54.5833,-5.9333,55.22,71,75,10.36
349,Longhua,CN,2022-05-13 21:55:26,23.6137,114.1919,69.84,97,100,2.84
350,Remetea Chioarului,RO,2022-05-13 21:55:27,47.5333,23.55,57.18,77,17,3.44
351,Tecoanapa,MX,2022-05-13 21:55:28,16.5167,-98.75,88.39,59,100,11.77
352,Elat,IL,2022-05-13 21:55:29,29.5581,34.9482,84.04,15,5,11.5
353,Thompson,CA,2022-05-13 21:55:29,55.7435,-97.8558,39.36,81,100,14.97
354,Ilulissat,GL,2022-05-13 21:55:30,69.2167,-51.1,22.59,81,100,4.94
355,Port-De-Bouc,FR,2022-05-13 21:55:31,43.4,4.9833,62.82,88,0,4.61
356,Havelock,US,2022-05-13 21:55:32,34.8791,-76.9013,78.03,81,75,3.0
357,Nuoro,IT,2022-05-13 21:55:33,40.3211,9.3297,56.19,74,17,2.84
358,Palmer,US,2022-05-13 21:55:33,42.1584,-72.3287,82.89,55,20,12.66
359,Kjollefjord,NO,2022-05-13 21:55:34,70.9457,27.3465,35.65,85,100,15.77
360,Phan Thiet,VN,2022-05-13 21:54:56,10.9333,108.1,79.03,87,55,3.29
361,Tim,RU,2022-05-13 21:55:35,51.6222,37.1244,45.14,88,5,7.85
362,Zheleznodorozhnyy,RU,2022-05-13 21:55:36,55.7503,38.0042,50.61,72,9,11.32
363,Beyneu,KZ,2022-05-13 21:55:37,45.3167,55.2,60.4,53,100,15.41
364,Torbay,CA,2022-05-13 21:55:38,47.6666,-52.7314,47.28,79,75,8.05
365,Pevek,RU,2022-05-13 21:55:38,69.7008,170.3133,30.69,77,95,19.48
366,Kieta,PG,2022-05-13 21:55:39,-6.2167,155.6333,82.02,71,33,1.77
367,Wenling,CN,2022-05-13 21:55:40,28.3669,121.36,60.82,84,100,10.67
368,Nalut,LY,2022-05-13 21:55:41,30.3333,10.85,66.34,29,0,8.86
369,Nola,IT,2022-05-13 21:55:41,40.922,14.5329,65.16,89,5,2.21
370,Hirara,JP,2022-05-13 21:55:42,24.8,125.2833,75.47,94,75,3.44
371,Fortuna,US,2022-05-13 21:55:43,40.5982,-124.1573,65.91,76,100,0.0
372,Marienburg,PL,2022-05-13 21:55:44,54.0359,19.0266,53.11,89,69,7.7
373,Sao Joao Da Barra,BR,2022-05-13 21:55:45,-21.6403,-41.0511,73.49,76,99,8.84
374,Umba,RU,2022-05-13 21:55:45,66.6871,34.3429,41.38,89,100,7.31
375,Cayenne,GF,2022-05-13 21:55:46,4.9333,-52.3333,83.08,1,100,5.75
376,Coro,VE,2022-05-13 21:55:47,11.4045,-69.6734,83.52,73,26,22.86
377,Guerrero Negro,MX,2022-05-13 21:53:27,27.9769,-114.0611,77.45,30,55,15.12
378,Carman,CA,2022-05-13 21:55:48,49.4992,-98.0016,55.49,62,100,31.07
379,Salinopolis,BR,2022-05-13 21:54:28,-0.6136,-47.3561,79.93,84,60,9.26
380,Krasnoselkup,RU,2022-05-13 21:55:49,65.7,82.4667,39.22,93,9,5.1
381,College,US,2022-05-13 21:55:50,64.8569,-147.8028,46.99,71,75,5.75
382,Songkhla,TH,2022-05-13 21:55:50,6.8333,100.6667,82.83,95,98,3.6
383,Deputatskiy,RU,2022-05-13 21:55:51,69.3,139.9,15.57,74,100,2.75
384,Canon City,US,2022-05-13 21:55:52,38.441,-105.2424,79.61,7,0,4.0
385,Atikokan,CA,2022-05-13 21:55:53,48.7555,-91.6216,73.47,42,47,11.79
386,Tautira,PF,2022-05-13 21:55:54,-17.7333,-149.15,80.67,72,48,17.81
387,Hualmay,PE,2022-05-13 21:55:54,-11.0964,-77.6139,66.74,79,26,9.4
388,Port Macquarie,AU,2022-05-13 21:55:55,-31.4333,152.9167,66.88,90,46,8.88
389,Kyaukse,MM,2022-05-13 21:55:56,21.6,96.1333,80.69,76,76,10.29
390,Totness,SR,2022-05-13 21:55:57,5.8833,-56.3167,79.0,82,21,12.68
391,Columbus,US,2022-05-13 21:55:58,39.9612,-82.9988,83.95,48,40,8.05
392,Mirebalais,HT,2022-05-13 21:55:59,18.8333,-72.1053,81.32,59,100,4.27
393,North Bend,US,2022-05-13 21:56:00,43.4065,-124.2243,56.25,100,100,0.0
394,La Palma,US,2022-05-13 21:53:50,33.8464,-118.0467,98.82,30,0,11.5
395,Christchurch,NZ,2022-05-13 21:51:23,-43.5333,172.6333,52.41,89,100,5.75
396,Singapore,SG,2022-05-13 21:52:55,1.2897,103.8501,82.35,87,75,6.91
397,Dukat,RU,2022-05-13 21:56:02,62.55,155.55,31.46,81,91,8.3
398,Kamina,CD,2022-05-13 21:56:03,-8.7386,24.9906,67.39,63,87,4.47
399,Bemidji,US,2022-05-13 21:56:03,47.4736,-94.8803,70.92,45,75,20.71
400,Vanderhoof,CA,2022-05-13 21:52:02,54.0166,-124.0198,52.66,30,81,9.73
401,Sovetskiy,RU,2022-05-13 21:56:04,61.3614,63.5842,53.46,58,100,11.7
402,Gwadar,PK,2022-05-13 21:56:05,25.1216,62.3254,82.38,79,1,13.56
403,Vao,NC,2022-05-13 21:56:06,-22.6667,167.4833,72.82,68,100,19.62
404,Poselki,RU,2022-05-13 21:56:06,53.1324,46.5031,43.81,96,69,6.42
405,Bubaque,GW,2022-05-13 21:56:07,11.2833,-15.8333,78.35,85,37,14.99
406,Saint Anthony,US,2022-05-13 21:56:08,45.0205,-93.218,76.93,43,99,7.0
407,Ahuimanu,US,2022-05-13 21:56:09,21.4447,-157.8378,81.79,68,75,11.5
408,Montepuez,MZ,2022-05-13 21:56:10,-13.1256,38.9997,68.09,75,100,4.59
409,Asau,RO,2022-05-13 21:56:10,46.4333,26.4,60.28,100,100,3.0
410,Kristianstad,SE,2022-05-13 21:56:11,56.0313,14.1524,51.94,88,75,10.36
411,Turukhansk,RU,2022-05-13 21:56:12,65.8167,87.9833,42.71,82,93,7.07
412,Campbell River,CA,2022-05-13 21:55:38,50.0163,-125.2446,53.6,62,75,16.11
413,Eydhafushi,MV,2022-05-13 21:56:13,5.1033,73.0708,82.9,78,100,21.41
414,Priargunsk,RU,2022-05-13 21:56:13,50.3691,119.1012,40.68,71,52,6.51
415,Kamaishi,JP,2022-05-13 21:56:14,39.2667,141.8833,60.66,98,100,7.25
416,Kutum,SD,2022-05-13 21:56:15,14.2,24.6667,81.25,15,9,5.68
417,Chicama,PE,2022-05-13 21:56:02,-7.8447,-79.1469,63.14,71,44,8.23
418,Taoudenni,ML,2022-05-13 21:56:15,22.6783,-3.9836,88.99,10,89,13.85
419,Villa Carlos Paz,AR,2022-05-13 21:56:16,-31.4241,-64.4978,62.89,40,100,1.01
420,Gogrial,SS,2022-05-13 21:56:17,8.5332,28.1004,81.97,59,100,2.06
421,Champerico,GT,2022-05-13 21:56:17,14.3,-91.9167,93.74,60,25,8.34
422,Sistranda,NO,2022-05-13 21:56:18,63.7256,8.834,44.56,85,100,19.64
423,Sao Jose Da Coroa Grande,BR,2022-05-13 21:56:18,-8.8978,-35.1478,79.11,80,35,6.24
424,Mogadishu,SO,2022-05-13 21:56:19,2.0371,45.3438,80.96,85,79,14.76
425,Japura,ID,2022-05-13 21:56:20,-0.3167,102.35,75.4,98,87,1.25
426,Mareeba,AU,2022-05-13 21:56:21,-17.0,145.4333,69.44,95,1,1.05
427,Torit,SS,2022-05-13 21:56:21,4.4133,32.5678,76.75,58,74,2.82
428,Caldas Novas,BR,2022-05-13 21:56:22,-17.7417,-48.625,74.16,54,86,2.51
429,Kahului,US,2022-05-13 21:55:56,20.8947,-156.47,83.97,73,54,15.99
430,Lianzhou,CN,2022-05-13 21:56:23,24.7811,112.3825,66.34,98,100,2.57
431,Jieshi,CN,2022-05-13 21:54:39,22.8134,115.8257,74.95,97,100,10.42
432,Muravlenko,RU,2022-05-13 21:56:24,63.7898,74.523,48.29,77,60,8.99
433,Tigil,RU,2022-05-13 21:56:25,57.8,158.6667,43.12,88,100,5.08
434,Concordia,AR,2022-05-13 21:56:26,-31.393,-58.0209,60.87,94,0,4.61
435,Fairview,US,2022-05-13 21:56:26,40.8126,-73.999,74.12,82,100,9.22
436,Ous,RU,2022-05-13 21:56:27,60.9058,61.5186,52.12,64,100,9.17
437,Chapais,CA,2022-05-13 21:56:28,49.7834,-74.8492,73.18,77,93,8.86
438,Katrineholm,SE,2022-05-13 21:56:28,58.9959,16.2072,51.55,76,63,9.82
439,Moerai,PF,2022-05-13 21:54:51,-22.4333,-151.3333,80.19,78,53,16.89
440,Pedasi,PA,2022-05-13 21:56:29,7.5333,-80.0333,84.07,73,97,10.18
441,Leh,IN,2022-05-13 21:56:30,34.1667,77.5833,45.32,55,16,3.83
442,Tshela,CD,2022-05-13 21:56:31,-4.9833,12.9333,73.53,99,63,0.25
443,Tevaitoa,PF,2022-05-13 21:56:31,-16.7833,-151.5,81.21,73,6,17.63
444,Lincoln,US,2022-05-13 21:56:28,40.8,-96.667,82.87,28,36,4.0
445,Kingston,JM,2022-05-13 21:56:00,17.997,-76.7936,82.24,79,75,16.11
446,Comodoro Rivadavia,AR,2022-05-13 21:56:33,-45.8667,-67.5,51.66,46,20,11.5
447,Wladyslawowo,PL,2022-05-13 21:56:33,54.7909,18.4009,53.94,85,45,16.17
448,Ponta Delgada,PT,2022-05-13 21:55:15,37.7333,-25.6667,64.51,94,75,10.36
449,Lalsot,IN,2022-05-13 21:56:34,26.5667,76.3333,92.86,12,0,12.28
450,Villamor,PH,2022-05-13 21:56:35,6.7047,124.5186,76.39,94,96,2.15
451,Auki,SB,2022-05-13 21:56:36,-8.7676,160.7034,81.64,79,39,1.66
452,Campo Maior,BR,2022-05-13 21:56:36,-4.8278,-42.1686,76.3,91,100,4.09
453,Waipawa,NZ,2022-05-13 21:56:37,-41.4122,175.5153,56.66,66,99,8.57
454,Purna,IN,2022-05-13 21:56:37,19.1833,77.05,92.07,33,99,9.75
455,Mikhaylovskoye,RU,2022-05-13 21:56:38,51.8239,79.7172,59.58,36,32,3.4
456,Chifeng,CN,2022-05-13 21:56:39,42.2683,118.9636,41.63,44,0,12.73
457,Provideniya,RU,2022-05-13 21:56:39,64.3833,-173.3,40.15,50,1,6.35
458,Nouakchott,MR,2022-05-13 21:56:40,18.0858,-15.9785,84.13,45,65,16.06
459,Beruwala,LK,2022-05-13 21:56:40,6.4788,79.9828,80.6,85,100,15.86
460,Traverse City,US,2022-05-13 21:56:41,44.7631,-85.6206,91.51,46,22,10.16
461,Staryy Nadym,RU,2022-05-13 21:56:42,65.6118,72.6842,41.76,94,96,10.38
462,Abha,SA,2022-05-13 21:56:43,18.2164,42.5053,71.42,13,0,9.22
463,Boa Vista,BR,2022-05-13 21:55:09,2.8197,-60.6733,84.18,70,40,2.3
464,Kidal,ML,2022-05-13 21:56:43,18.4411,1.4078,90.68,7,5,13.22
465,Korla,CN,2022-05-13 21:56:44,41.7597,86.1469,64.51,29,90,6.82
466,Golfito,CR,2022-05-13 21:56:45,8.639,-83.166,78.39,92,99,3.24
467,Sudogda,RU,2022-05-13 21:56:45,55.9539,40.8629,46.98,83,35,10.69
468,Mecca,SA,2022-05-13 21:56:01,21.4267,39.8261,90.88,28,1,3.85
469,Nabire,ID,2022-05-13 21:56:46,-3.3667,135.4833,78.58,88,78,1.83
470,Rawson,AR,2022-05-13 21:56:47,-43.3002,-65.1023,53.64,44,19,19.3
471,Merauke,ID,2022-05-13 21:55:06,-8.4667,140.3333,81.25,76,62,9.75
472,Sunnyside,US,2022-05-13 21:56:48,46.3237,-120.0087,59.85,30,0,5.75
473,Male,MV,2022-05-13 21:56:02,4.1748,73.5089,80.55,89,100,26.46
474,Bonavista,CA,2022-05-13 21:56:49,48.6499,-53.1147,37.08,77,90,6.82
475,Hokitika,NZ,2022-05-13 21:56:50,-42.7167,170.9667,57.2,93,100,10.42
476,Gazanjyk,TM,2022-05-13 21:56:50,39.2446,55.5154,66.76,58,96,8.61
477,Palimbang,PH,2022-05-13 21:56:51,6.2106,124.1894,79.32,83,96,3.09
478,Bouafle,CI,2022-05-13 21:56:51,6.9904,-5.7442,77.52,85,3,4.41
479,Lasa,IT,2022-05-13 21:56:52,46.6166,10.7002,55.69,93,92,4.38
480,Requena,ES,2022-05-13 21:56:52,39.4883,-1.1004,54.52,71,13,3.47
481,Whitehorse,CA,2022-05-13 21:52:36,60.7161,-135.0538,52.57,24,40,3.44
482,Gornopravdinsk,RU,2022-05-13 21:56:53,60.05,69.9,53.04,71,97,9.64
483,South Sioux City,US,2022-05-13 21:56:54,42.4739,-96.4136,80.01,20,52,8.99
484,Puerto Escondido,MX,2022-05-13 21:53:24,15.85,-97.0667,88.23,62,60,9.08
485,Vardo,NO,2022-05-13 21:56:55,70.3705,31.1107,30.18,86,46,11.5
486,Develi,TR,2022-05-13 21:56:55,38.3906,35.4922,43.95,55,0,4.54
487,Ulladulla,AU,2022-05-13 21:56:56,-35.35,150.4667,64.42,84,25,3.89
488,Longyearbyen,SJ,2022-05-13 21:56:57,78.2186,15.6401,22.84,63,0,9.22
489,Manta,EC,2022-05-13 21:56:57,-0.95,-80.7333,78.58,83,100,8.05
490,Sao Felix Do Xingu,BR,2022-05-13 21:56:58,-6.6447,-51.995,78.85,79,62,2.62
491,Mwense,ZM,2022-05-13 21:56:58,-10.3845,28.698,63.61,58,12,4.52
492,Alofi,NU,2022-05-13 21:56:59,-19.0595,-169.9187,78.69,61,100,10.36
493,Hong Gai,VN,2022-05-13 21:56:59,20.956,107.0946,75.11,91,100,5.41
494,Abu Dhabi,AE,2022-05-13 21:56:50,24.4667,54.3667,82.51,54,0,9.22
495,Nishihara,JP,2022-05-13 21:57:00,26.1842,127.7558,74.68,97,100,11.5
496,Canmore,CA,2022-05-13 21:55:35,51.0834,-115.3521,53.71,34,100,3.44
497,Amarpur,IN,2022-05-13 21:57:01,25.0333,86.9,85.75,67,0,5.57
498,Tyulgan,RU,2022-05-13 21:57:02,52.3405,56.166,48.31,97,100,9.51
499,Sciacca,IT,2022-05-13 21:57:02,37.5082,13.0881,64.65,60,0,5.91
500,Ilebo,CD,2022-05-13 21:57:03,-4.3167,20.5833,73.47,80,10,1.43
501,Shizunai,JP,2022-05-13 21:57:04,42.3339,142.3669,54.28,98,100,11.43
502,Chernyshevskiy,RU,2022-05-13 21:57:04,63.0128,112.4714,30.18,73,100,0.85
503,Ryazanovskiy,RU,2022-05-13 21:57:05,55.55,39.4333,46.67,80,8,10.42
504,Tahta,EG,2022-05-13 21:57:05,26.7693,31.5021,91.47,14,0,7.14
505,Wanning,CN,2022-05-13 21:57:06,18.8003,110.3967,79.25,89,89,4.74
506,Juarez,MX,2022-05-13 21:52:15,31.7333,-106.4833,91.87,2,0,6.91
507,Arkhangelsk,RU,2022-05-13 21:57:08,64.5401,40.5433,50.11,66,40,2.24
508,Alta Gracia,AR,2022-05-13 21:57:09,-31.6529,-64.4283,64.36,69,100,1.05
509,Padang,ID,2022-05-13 21:57:09,-0.9492,100.3543,76.41,81,70,4.29
510,Powell River,CA,2022-05-13 21:53:16,49.8496,-124.5361,54.34,57,75,10.36
511,Maragogi,BR,2022-05-13 21:57:11,-9.0122,-35.2225,78.66,81,13,5.59
512,Ambon,ID,2022-05-13 21:57:12,-3.6954,128.1814,78.94,89,40,2.3
513,Haines Junction,CA,2022-05-13 21:57:13,60.7522,-137.5108,49.95,23,100,4.61
514,Pedra,BR,2022-05-13 21:57:13,-8.4969,-36.9408,69.6,92,70,5.59
515,Straumen,NO,2022-05-13 21:57:14,63.8709,11.2999,42.8,93,100,5.35
516,Sayhat,SA,2022-05-13 21:57:14,26.4852,50.0405,86.22,26,0,24.79
517,Narrabri,AU,2022-05-13 21:57:15,-30.3167,149.7833,63.52,97,28,3.0
518,Stuttgart,DE,2022-05-13 21:57:16,48.7823,9.177,55.81,80,0,5.75
519,Mutare,ZW,2022-05-13 21:57:16,-18.9707,32.6709,54.55,95,1,1.72
520,Doka,SD,2022-05-13 21:57:17,13.5167,35.7667,91.74,27,0,5.5
521,Northam,GB,2022-05-13 21:57:17,51.0333,-4.2167,53.62,91,46,8.93
522,Aasiaat,GL,2022-05-13 21:57:18,68.7098,-52.8699,22.59,81,95,5.75
523,Itacurubi Del Rosario,PY,2022-05-13 21:57:19,-24.5,-56.6833,68.07,73,1,5.39
524,Arlit,NE,2022-05-13 21:57:19,18.7369,7.3853,87.39,12,2,12.64
525,Hauterive,FR,2022-05-13 21:57:20,46.0901,3.4459,63.36,92,46,2.44
526,Svetlogorsk,BY,2022-05-13 21:57:21,52.6333,29.7333,49.75,79,100,4.79
527,Abbeville,FR,2022-05-13 21:57:21,50.1,1.8333,53.56,90,27,6.6
528,Saint Stephen,GB,2022-05-13 21:57:22,50.3333,-4.9,53.87,82,92,4.61
529,Vila Velha,BR,2022-05-13 21:57:22,-20.3297,-40.2925,76.95,73,40,6.91
530,Namatanai,PG,2022-05-13 21:57:23,-3.6667,152.4333,82.02,72,76,6.67
531,Yatsuo,JP,2022-05-13 21:57:24,36.5667,137.1333,63.21,98,75,9.22
532,Mwanza,TZ,2022-05-13 21:57:24,-2.5167,32.9,73.45,88,20,0.0
533,Matara,LK,2022-05-13 21:55:41,5.9485,80.5353,78.8,89,100,12.39
534,Mosetse,BW,2022-05-13 21:57:25,-20.75,26.65,63.82,39,6,9.75
535,Bijie,CN,2022-05-13 21:57:27,27.3125,105.2942,56.8,96,100,3.6
536,Dodoma,TZ,2022-05-13 21:57:27,-6.1722,35.7395,65.79,83,93,9.6
537,Carpinteria,US,2022-05-13 21:57:28,34.3989,-119.5185,93.7,20,0,7.07
538,Yar-Sale,RU,2022-05-13 21:57:28,66.8333,70.8333,36.97,86,97,10.2
539,Umm Kaddadah,SD,2022-05-13 21:57:29,13.6017,26.6876,80.51,48,70,7.96
540,Sangar,RU,2022-05-13 21:57:31,63.9242,127.4739,29.21,75,5,10.76
541,Teguise,ES,2022-05-13 21:57:31,29.0605,-13.564,66.42,68,20,5.75
542,Ferrol,ES,2022-05-13 21:53:35,43.4832,-8.2369,63.34,83,85,3.62
543,Lermontovka,RU,2022-05-13 21:57:32,47.1453,134.3383,51.08,55,100,5.68
544,Kismayo,SO,2022-05-13 21:57:33,-0.3582,42.5454,80.24,80,57,13.8
545,Krasnokamensk,RU,2022-05-13 21:57:34,50.0979,118.0369,39.85,69,55,5.1
546,Ahipara,NZ,2022-05-13 21:57:34,-35.1667,173.1667,60.67,66,69,4.07
547,Ancud,CL,2022-05-13 21:57:35,-41.8697,-73.8203,49.87,76,99,3.91
548,Komsomolskiy,UZ,2022-05-13 21:57:35,40.4272,71.7189,66.92,52,92,4.61
549,Marystown,CA,2022-05-13 21:57:36,47.1666,-55.1483,51.85,100,100,10.0
550,Stornoway,GB,2022-05-13 21:57:36,58.2093,-6.3865,49.96,89,75,10.36
551,Atambua,ID,2022-05-13 21:57:37,-9.1061,124.8925,72.66,88,47,3.18
552,Kaeo,NZ,2022-05-13 21:57:38,-35.1,173.7833,55.33,97,65,4.29
553,Pavlogradka,RU,2022-05-13 21:57:38,54.2024,73.5592,61.14,37,61,3.31
554,Kommunar,RU,2022-05-13 21:57:39,59.6206,30.39,47.73,77,84,10.18
555,Oktyabrskoye,RU,2022-05-13 21:57:39,43.0645,44.7417,46.54,87,0,6.71
556,Balgazyn,RU,2022-05-13 21:57:40,51.0,95.2,40.98,37,20,3.13
557,Saint-Georges,GD,2022-05-13 21:57:37,12.0564,-61.7485,82.08,74,40,17.27
